Id,Level,EvolutionDataId
130001,1,140004&140005&140006
130002,2,140007&140008&140009
130003,3,140010&140011&140012
130004,4,140013&140014&140015
130005,5,140016&140017&140018
130006,6,140019&140020&140021
130007,7,140022&140023&140024
130008,8,140025&140026&140027
130009,9,140028&140029&140030
130010,10,140031&140032&140033
130011,11,140034&140035&140036
130012,12,140037&140038&140039
130013,13,140040&140041&140042
130014,14,140043&140044&140045
130015,15,140046&140047&140048
130016,16,140049&140050&140051
130017,17,140052&140053&140054
130018,18,140055&140056&140057
130019,19,140058&140059&140060
130020,20,140061&140062&140063
130021,21,140064&140065&140066
130022,22,140067&140068&140069
130023,23,140070&140071&140072
130024,24,140073&140074&140075
130025,25,140076&140077&140078
130026,26,140079&140080&140081
130027,27,140082&140083&140084
130028,28,140085&140086&140087
130029,29,140088&140089&140090
130030,30,140091&140092&140093